id;nome;email;nascimento;documento;lesao;situacao;uso_proprio;nome_dependente;nascimento_dependente;facebook;instagram;termo;treinamento;foto_doc;foto_doc_content_type;foto_com_doc;foto_com_doc_content_type
1;Buckinghamshire transmitting;Dino80@gmail.com;2022-05-06;Quetzal Kids Data;TETRAPLEGIA;PERMANTENTE;false;Internal Leone;2022-05-06;FTP Somoni convergence;California Handmade Bedfordshire;true;true;../fake-data/blob/hipster.png;image/png;../fake-data/blob/hipster.png;image/png
2;Intelligent;Lyda77@yahoo.com;2022-05-05;open-source Solutions capacitor;OUTRO;TEMPORARIA;false;Money morph bluetooth;2022-05-06;generation teal;Bedfordshire Cyprus navigating;true;true;../fake-data/blob/hipster.png;image/png;../fake-data/blob/hipster.png;image/png
3;Computer Frozen protocol;Leo76@yahoo.com;2022-05-06;mint innovate;SEM_LESAO;TEMPORARIA;true;International Romania Oklahoma;2022-05-06;e-commerce demand-driven methodology;Executive indigo;false;true;../fake-data/blob/hipster.png;image/png;../fake-data/blob/hipster.png;image/png
4;Uganda;Norene57@yahoo.com;2022-05-05;Guinea;PARAPLEGIA;PERMANTENTE;true;Avon;2022-05-06;Fords Legacy withdrawal;Administrator Grocery;true;false;../fake-data/blob/hipster.png;image/png;../fake-data/blob/hipster.png;image/png
5;input Plastic platforms;Carlee37@yahoo.com;2022-05-06;XML Rustic;LESAO_TEMPORARIA;TEMPORARIA;false;redundant Engineer Republic);2022-05-06;THX;pixel Assimilated XSS;true;true;../fake-data/blob/hipster.png;image/png;../fake-data/blob/hipster.png;image/png
6;Mews scalable;Mable_Kuphal55@hotmail.com;2022-05-06;Palestinian generating;AMPUTADO;TEMPORARIA;false;Credit Tenge Djibouti;2022-05-06;Home;distributed;true;false;../fake-data/blob/hipster.png;image/png;../fake-data/blob/hipster.png;image/png
7;Solutions e-services Plaza;Rubye.Farrell72@gmail.com;2022-05-06;Beauty;OUTRO;TEMPORARIA;false;up;2022-05-06;ADP Incredible;neural-net;false;false;../fake-data/blob/hipster.png;image/png;../fake-data/blob/hipster.png;image/png
8;portals;Luigi20@yahoo.com;2022-05-06;SDD driver;SEM_LESAO;TEMPORARIA;false;Meadows function;2022-05-06;Refined Wooden;Brand rich Cheese;false;false;../fake-data/blob/hipster.png;image/png;../fake-data/blob/hipster.png;image/png
9;Small Small Interactions;Casper.Predovic87@hotmail.com;2022-05-06;real-time Unbranded;MOBILIDADE_REDUZIDA;TEMPORARIA;true;Tools parsing azure;2022-05-06;content-based;array Republic;true;true;../fake-data/blob/hipster.png;image/png;../fake-data/blob/hipster.png;image/png
10;Organic cyan;Alicia_Kihn@yahoo.com;2022-05-06;strategic Nevada THX;AMPUTADO;TEMPORARIA;false;generating;2022-05-06;Flat;quantify open-source;false;true;../fake-data/blob/hipster.png;image/png;../fake-data/blob/hipster.png;image/png
